client_id,predicted_next_recurring_merchant
C000004,insurance
C000008,insurance
C000010,streaming
C000011,insurance
C000018,none
C000019,none
C000020,insurance
C000023,none
C000031,music
C000034,gym
C000037,none
C000045,none
C000050,none
C000051,software
C000052,music
C000054,streaming
C000056,none
C000067,music
C000074,mobile
C000076,none
C000082,none
C000083,none
C000091,streaming
C000097,mobile
C000098,mobile
C000099,none
C000114,none
C000118,music
C000121,none
C000124,none
C000133,streaming
C000139,music
C000141,none
C000146,gym
C000158,none
C000161,none
C000163,software
C000165,gym
C000166,cloud
C000167,cloud
C000178,software
C000182,gym
C000188,mobile
C000194,none
C000195,mobile
C000208,mobile
C000211,gym
C000213,streaming
C000217,gym
C000221,mobile
C000225,none
C000231,software
C000243,software
C000244,streaming
C000247,music
C000251,music
C000255,insurance
C000267,streaming
C000268,software
C000273,none
C000277,insurance
C000278,cloud
C000279,cloud
C000282,none
C000287,none
C000288,cloud
C000291,none
C000293,none
C000300,none
C000304,none
C000307,none
C000308,cloud
C000309,gym
C000314,insurance
C000315,none
C000317,gym
C000321,music
C000327,streaming
C000334,gym
C000344,gym
C000345,mobile
C000347,mobile
C000349,streaming
C000354,gym
C000355,insurance
C000360,none
C000373,insurance
C000378,mobile
C000379,none
C000385,cloud
C000391,streaming
C000399,none
C000404,streaming
C000413,software
C000415,cloud
C000421,none
C000429,none
C000430,none
C000435,streaming
C000441,software
C000442,cloud
C000444,cloud
C000449,none
C000459,music
C000460,none
C000467,mobile
C000478,none
C000480,software
C000488,gym
C000489,none
C000490,none
C000494,insurance
C000495,insurance
C000496,software
C000500,none
C000501,none
C000507,streaming
C000519,gym
C000522,software
C000524,none
C000525,none
C000527,none
C000528,streaming
C000537,none
C000538,none
C000546,none
C000560,none
C000570,none
C000574,mobile
C000575,gym
C000576,insurance
C000578,insurance
C000581,cloud
C000584,insurance
C000585,music
C000589,none
C000590,mobile
C000591,none
C000598,mobile
C000603,none
C000608,software
C000610,none
C000611,none
C000613,insurance
C000614,music
C000623,mobile
C000625,streaming
C000632,none
C000634,none
C000642,music
C000646,none
C000656,none
C000658,none
C000659,cloud
C000661,software
C000662,software
C000663,none
C000671,cloud
C000676,mobile
C000685,none
C000686,none
C000689,mobile
C000690,insurance
C000692,insurance
C000693,none
C000695,none
C000697,streaming
C000698,insurance
C000703,cloud
C000714,none
C000722,software
C000723,insurance
C000726,music
C000727,none
C000730,gym
C000731,mobile
C000733,none
C000736,mobile
C000740,none
C000742,mobile
C000744,none
C000751,cloud
C000753,none
C000755,gym
C000760,insurance
C000762,insurance
C000767,music
C000768,insurance
C000777,none
C000782,none
C000784,streaming
C000789,insurance
C000796,music
C000801,none
C000809,none
C000813,none
C000814,insurance
C000816,none
C000817,gym
C000820,none
C000824,none
C000830,insurance
C000833,cloud
C000834,insurance
C000839,none
C000846,none
C000847,none
C000848,none
C000852,none
C000861,software
C000863,none
C000867,none
C000870,mobile
C000871,mobile
C000872,none
C000876,software
C000882,none
C000884,none
C000888,none
C000890,music
C000893,none
C000900,cloud
C000906,music
C000910,streaming
C000915,none
C000918,none
C000919,none
C000924,insurance
C000925,software
C000928,software
C000934,gym
C000935,music
C000939,mobile
C000940,none
C000945,none
C000953,none
C000955,music
C000961,cloud
C000962,streaming
C000970,mobile
C000976,none
C000978,gym
C000982,software
C000984,none
C000989,none
C000991,cloud
C000992,streaming
C001001,gym
C001003,none
C001007,none
C001009,music
C001011,cloud
C001014,none
C001015,none
C001016,cloud
C001042,cloud
C001044,software
C001047,insurance
C001052,none
C001053,cloud
C001057,none
C001058,insurance
C001069,gym
C001071,software
C001076,cloud
C001079,software
C001081,insurance
C001087,none
C001089,gym
C001094,software
C001097,none
C001101,streaming
C001103,streaming
C001105,software
C001114,mobile
C001116,cloud
C001117,cloud
C001124,insurance
C001126,insurance
C001127,insurance
C001131,none
C001142,insurance
C001144,none
C001150,insurance
C001155,mobile
C001162,none
C001166,mobile
C001169,streaming
C001178,none
C001179,none
C001189,software
C001196,none
C001198,gym
C001199,none
C001200,software
C001208,mobile
C001212,none
C001213,none
C001226,software
C001227,none
C001228,none
C001231,none
C001233,mobile
C001235,gym
C001236,gym
C001240,cloud
C001242,cloud
C001245,none
C001250,software
C001253,none
C001261,gym
C001264,software
C001273,streaming
C001277,none
C001278,insurance
C001295,none
C001298,mobile
C001302,mobile
C001303,none
C001305,cloud
C001313,mobile
C001314,none
C001315,software
C001325,software
C001329,mobile
C001334,software
C001341,none
C001342,streaming
C001346,gym
C001349,music
C001353,mobile
C001372,none
C001375,none
C001376,none
C001381,none
C001383,streaming
C001384,software
C001387,mobile
C001390,mobile
C001392,mobile
C001393,none
C001395,streaming
C001396,mobile
C001398,gym
C001401,none
C001405,none
C001411,none
C001412,cloud
C001418,software
C001426,music
C001429,none
C001430,insurance
C001431,mobile
C001434,software
C001435,none
C001443,insurance
C001447,gym
C001455,none
C001464,none
C001476,mobile
C001478,none
C001479,none
C001480,none
C001481,none
C001483,gym
C001488,cloud
C001490,none
C001491,none
C001494,music
C001495,none
C001502,insurance
C001507,cloud
C001511,mobile
C001512,gym
C001519,none
C001521,none
C001522,insurance
C001523,cloud
C001528,cloud
C001529,mobile
C001531,gym
C001532,cloud
C001537,mobile
C001542,none
C001547,insurance
C001551,none
C001556,insurance
C001557,none
C001559,mobile
C001562,cloud
C001563,none
C001565,software
C001588,none
C001595,cloud
C001596,none
C001597,software
C001598,cloud
C001609,insurance
C001610,none
C001620,streaming
C001629,music
C001630,streaming
C001632,none
C001633,none
C001643,streaming
C001647,software
C001649,streaming
C001653,gym
C001658,insurance
C001661,insurance
C001663,none
C001669,gym
C001677,none
C001683,none
C001687,none
C001689,gym
C001693,none
C001698,streaming
C001701,none
C001709,none
C001714,cloud
C001716,cloud
C001726,none
C001727,mobile
C001729,none
C001731,gym
C001745,insurance
C001747,insurance
C001750,cloud
C001752,none
C001756,none
C001759,insurance
C001763,gym
C001767,music
C001769,music
C001770,streaming
C001775,none
C001776,software
C001781,none
C001783,none
C001790,music
C001798,insurance
C001800,mobile
C001804,gym
C001805,cloud
C001807,software
C001822,mobile
C001825,none
C001828,software
C001831,gym
C001833,cloud
C001839,music
C001842,none
C001847,none
C001852,none
C001853,none
C001858,none
C001868,none
C001872,insurance
C001877,music
C001878,streaming
C001885,gym
C001890,none
C001901,none
C001905,none
C001906,none
C001908,insurance
C001912,cloud
C001913,gym
C001915,none
C001916,cloud
C001918,cloud
C001919,none
C001925,cloud
C001927,music
C001941,none
C001944,none
C001945,none
C001946,none
C001957,streaming
C001959,none
C001961,cloud
C001963,gym
C001967,none
C001969,streaming
C001972,music
C001976,none
C001977,mobile
C001979,none
C001981,insurance
C001985,gym
C001986,none
C001998,gym
C001999,cloud
C002001,none
C002006,music
C002007,none
C002011,none
C002016,none
C002018,none
C002027,none
C002032,insurance
C002036,mobile
C002043,mobile
C002047,gym
C002052,insurance
C002054,gym
C002058,insurance
C002060,none
C002063,none
C002070,mobile
C002077,none
C002087,none
C002092,cloud
C002093,insurance
C002099,none
C002102,music
C002106,none
C002107,music
C002110,gym
C002112,none
C002114,music
C002120,none
C002131,streaming
C002132,none
C002135,music
C002152,none
C002155,streaming
C002164,gym
C002170,music
C002179,none
C002181,software
C002182,insurance
C002192,music
C002193,cloud
C002201,none
C002203,insurance
C002204,software
C002208,none
C002209,music
C002213,none
C002214,none
C002219,mobile
C002220,insurance
C002223,none
C002226,software
C002228,none
C002229,mobile
C002230,software
C002233,streaming
C002237,insurance
C002239,cloud
C002240,none
C002246,software
C002249,none
C002253,gym
C002255,cloud
C002257,cloud
C002260,none
C002268,none
C002271,none
C002272,music
C002279,music
C002283,cloud
C002284,insurance
C002302,insurance
C002305,software
C002322,mobile
C002324,insurance
C002325,gym
C002327,cloud
C002329,none
C002332,mobile
C002337,cloud
C002343,none
C002344,none
C002347,music
C002350,gym
C002356,none
C002364,none
C002369,none
C002374,none
C002384,cloud
C002391,cloud
C002400,gym
C002411,cloud
C002415,software
C002422,none
C002423,none
C002425,streaming
C002427,none
C002432,gym
C002433,none
C002435,insurance
C002436,gym
C002437,insurance
C002440,music
C002444,none
C002445,software
C002447,gym
C002455,gym
C002464,software
C002466,music
C002468,software
C002471,none
C002472,none
C002473,mobile
C002475,none
C002478,gym
C002480,streaming
C002481,gym
C002482,software
C002483,insurance
C002494,gym
C002504,none
C002506,none
C002507,software
C002508,streaming
C002517,software
C002518,cloud
C002525,mobile
C002532,none
C002535,none
C002536,music
C002537,streaming
C002543,gym
C002549,insurance
C002552,software
C002560,none
C002562,mobile
C002570,none
C002572,none
C002574,none
C002575,music
C002577,music
C002579,none
C002580,streaming
C002582,gym
C002583,none
C002584,none
C002586,cloud
C002589,none
C002596,insurance
C002597,none
C002600,cloud
C002601,none
C002602,none
C002603,streaming
C002607,none
C002609,gym
C002613,none
C002616,cloud
C002618,mobile
C002624,music
C002633,mobile
C002639,none
C002645,none
C002646,none
C002661,none
C002664,none
C002670,software
C002672,insurance
C002673,none
C002676,mobile
C002710,software
C002712,mobile
C002717,streaming
C002723,software
C002726,software
C002727,none
C002730,mobile
C002743,none
C002750,cloud
C002752,insurance
C002754,none
C002759,software
C002761,cloud
C002765,streaming
C002774,insurance
C002777,none
C002781,none
C002782,none
C002791,none
C002792,gym
C002799,none
C002803,mobile
C002806,cloud
C002807,cloud
C002815,music
C002818,gym
C002819,insurance
C002823,gym
C002827,streaming
C002828,none
C002830,mobile
C002831,none
C002832,gym
C002837,none
C002841,streaming
C002848,cloud
C002850,gym
C002858,streaming
C002867,none
C002868,gym
C002872,none
C002873,none
C002875,insurance
C002882,none
C002897,none
C002905,cloud
C002911,none
C002915,none
C002917,none
C002921,gym
C002922,insurance
C002923,insurance
C002929,none
C002938,gym
C002944,none
C002945,gym
C002946,none
C002947,insurance
C002950,software
C002952,gym
C002954,cloud
C002959,mobile
C002960,gym
C002963,mobile
C002969,software
C002976,cloud
C002978,none
C002980,software
C002981,insurance
C002984,none
C002991,insurance
C002992,none
C002993,gym
C002995,none
C002997,mobile
C003012,gym
C003018,cloud
C003021,none
C003022,none
C003029,none
C003030,software
C003032,gym
C003047,gym
C003048,music
C003050,none
C003053,none
C003055,none
C003061,gym
C003063,none
C003068,streaming
C003070,gym
C003074,gym
C003077,streaming
C003078,streaming
C003081,none
C003087,insurance
C003088,none
C003089,streaming
C003090,none
C003092,none
C003103,insurance
C003104,none
C003107,cloud
C003109,mobile
C003111,insurance
C003120,mobile
C003121,cloud
C003123,none
C003125,software
C003128,none
C003130,none
C003133,none
C003134,music
C003135,none
C003137,gym
C003141,none
C003156,mobile
C003158,none
C003161,insurance
C003165,none
C003168,none
C003170,software
C003171,none
C003172,none
C003173,software
C003175,none
C003179,none
C003181,gym
C003182,cloud
C003183,mobile
C003187,streaming
C003192,software
C003193,insurance
C003200,streaming
C003207,none
C003209,music
C003213,none
C003215,none
C003221,none
C003224,insurance
C003227,streaming
C003230,cloud
C003235,none
C003236,software
C003237,software
C003241,none
C003251,gym
C003255,none
C003258,none
C003263,none
C003264,cloud
C003267,none
C003269,gym
C003271,none
C003272,none
C003273,cloud
C003274,none
C003276,gym
C003284,mobile
C003286,software
C003287,none
C003289,software
C003291,none
C003293,insurance
C003297,none
C003307,none
C003309,cloud
C003314,none
C003320,software
C003323,none
C003360,none
C003369,cloud
C003379,streaming
C003380,none
C003389,cloud
C003391,none
C003395,none
C003397,none
C003407,none
C003413,streaming
C003415,gym
C003425,streaming
C003429,none
C003433,none
C003439,insurance
C003440,software
C003442,cloud
C003443,software
C003444,cloud
C003445,none
C003450,streaming
C003451,music
C003458,none
C003461,none
C003467,software
C003476,insurance
C003480,software
C003483,none
C003485,none
C003486,insurance
C003495,none
C003500,streaming
C003501,mobile
C003502,streaming
C003509,music
C003511,streaming
C003512,gym
C003513,cloud
C003519,none
C003524,none
C003530,none
C003535,none
C003536,none
C003538,none
C003539,insurance
C003552,mobile
C003556,gym
C003557,software
C003560,none
C003561,none
C003572,streaming
C003575,none
C003578,none
C003582,gym
C003583,music
C003592,none
C003602,music
C003606,none
C003608,music
C003610,mobile
C003615,none
C003616,software
C003618,insurance
C003625,none
C003630,none
C003641,none
C003644,music
C003646,none
C003650,none
C003656,insurance
C003657,gym
C003668,none
C003670,none
C003674,none
C003675,cloud
C003680,music
C003683,music
C003685,streaming
C003691,cloud
C003694,streaming
C003695,software
C003703,music
C003705,cloud
C003706,gym
C003709,gym
C003713,none
C003720,software
C003721,none
C003724,gym
C003725,streaming
C003732,none
C003735,insurance
C003747,mobile
C003752,streaming
C003755,streaming
C003762,cloud
C003763,software
C003767,mobile
C003768,none
C003769,none
C003771,none
C003780,software
C003782,none
C003787,none
C003794,streaming
C003796,mobile
C003810,none
C003815,music
C003819,insurance
C003820,mobile
C003825,gym
C003827,mobile
C003829,gym
C003830,streaming
C003832,software
C003833,streaming
C003835,streaming
C003836,music
C003837,gym
C003840,none
C003844,mobile
C003849,streaming
C003851,none
C003853,streaming
C003855,none
C003857,none
C003864,none
C003866,none
C003874,music
C003875,streaming
C003876,insurance
C003878,music
C003879,software
C003882,gym
C003883,none
C003885,gym
C003890,none
C003893,mobile
C003897,none
C003899,none
C003900,none
C003903,music
C003904,cloud
C003905,software
C003906,mobile
C003911,none
C003913,software
C003914,software
C003917,insurance
C003927,cloud
C003932,mobile
C003943,gym
C003950,gym
C003951,insurance
C003952,cloud
C003953,none
C003954,mobile
C003960,none
C003962,none
C003968,software
C003969,insurance
C003971,none
C003972,software
C003973,gym
C003979,none
C003989,none
